"Prioridade","Arquivo","Linhas","Tamanho"
"BAIXA","api\cron\whatsapp-notifications.js","84","3"
"BAIXA","api\edge-cache.js","59","1,9"
"BAIXA","api\whatsapp.js","144","4,9"
"MÉDIA","components\communication\index.js","24","1,2"
"MÉDIA","components\medical-records\index.js","13","0,7"
"MÉDIA","components\patient\bodyPaths.js","26","1,1"
"ALTA","contexts\ExerciseContext.jsx","813","30,1"
"ALTA","contexts\PatientContext.jsx","883","31,5"
"BAIXA","data\clinicalData.js","8","0,3"
"BAIXA","data\mockClinicalMaterials.js","39","1,5"
"BAIXA","data\mockData.js","1234","88,2"
"MÉDIA","data\mockExerciseLibrary.js","209","11,3"
"BAIXA","data\mockMentoriaData.js","762","30,9"
"BAIXA","data\mockProtocolsData.js","884","35,4"
"BAIXA","data\mockSpecialtyAssessments.js","22","0,7"
"BAIXA","design-system\tokens.js","401","12"
"ALTA","hooks\supabase\useSupabaseAppointments.js","298","10,8"
"ALTA","hooks\supabase\useSupabaseAuth.js","207","6,8"
"ALTA","hooks\supabase\useSupabasePatients.js","186","6,3"
"ALTA","hooks\useAITools.js","92","3,5"
"ALTA","hooks\useAlerts.js","432","14,8"
"ALTA","hooks\useAppointments.js","104","4,1"
"ALTA","hooks\useAssessmentSpecialties.js","16","0,6"
"ALTA","hooks\useAuditLogs.js","49","1,9"
"ALTA","hooks\useBackup.js","214","7,4"
"ALTA","hooks\useBodyMap.js","116","4,2"
"ALTA","hooks\useBodyMapPro.js","177","5,8"
"ALTA","hooks\useClinicalAnalytics.js","56","2,9"
"ALTA","hooks\useDashboardStats.js","62","2,8"
"ALTA","hooks\useDebounce.js","20","0,8"
"ALTA","hooks\useDebounceOptimized.js","156","5,1"
"ALTA","hooks\useErrorHandler.js","119","4,3"
"ALTA","hooks\useExerciseLibrary.js","30","1,2"
"ALTA","hooks\useExercises.js","226","8,7"
"ALTA","hooks\useFamilyPortal.js","166","5,8"
"ALTA","hooks\useFinancialData.js","86","4,1"
"ALTA","hooks\useGamification.js","31","1,1"
"ALTA","hooks\useGeriatricCare.js","101","3,4"
"ALTA","hooks\useInventory.js","341","11,4"
"ALTA","hooks\useKeyboardNavigation.js","128","4,1"
"ALTA","hooks\useMaterialCategories.js","16","0,6"
"ALTA","hooks\useMedicalRecords.js","343","11,9"
"ALTA","hooks\useMentalHealth.js","121","4,1"
"ALTA","hooks\useMLPredictions.js","107","3,9"
"ALTA","hooks\useNavigate.js","8","0,2"
"ALTA","hooks\useNotifications.js","191","7,3"
"ALTA","hooks\useNutrition.js","158","5,2"
"ALTA","hooks\useOnlineStatus.js","72","2,5"
"ALTA","hooks\useOptimizedData.js","150","5"
"ALTA","hooks\usePageData.js","25","0,9"
"ALTA","hooks\usePatients.js","85","3,3"
"ALTA","hooks\usePerformanceMetrics.js","105","3,3"
"ALTA","hooks\usePerformanceMonitoring.js","196","6,9"
"ALTA","hooks\usePerformanceOptimization.js","245","8,5"
"ALTA","hooks\usePopulationHealth.js","84","2,9"
"ALTA","hooks\usePredictiveAnalytics.js","126","4,3"
"ALTA","hooks\useProtocolsData.js","58","2"
"ALTA","hooks\useQualityAssurance.js","133","4,5"
"ALTA","hooks\useRealtimeNotifications.js","143","5,1"
"ALTA","hooks\useRealtimeSubscription.js","192","5,9"
"ALTA","hooks\useReporting.js","325","12"
"ALTA","hooks\useReports.js","441","14,5"
"ALTA","hooks\useRiskAssessment.js","106","3,7"
"ALTA","hooks\useRiskAssessments.js","164","6,6"
"ALTA","hooks\useSportsRehab.js","135","4,8"
"ALTA","hooks\useSupplies.js","360","12"
"ALTA","hooks\useSymptomTracker.js","127","4,8"
"ALTA","hooks\useTaskSupplies.js","346","11,6"
"ALTA","hooks\useTherapists.js","29","1"
"ALTA","hooks\useUsers.js","190","6,1"
"ALTA","hooks\useVirtualizedList.js","161","5,5"
"ALTA","hooks\useWearables.js","127","4,5"
"MÉDIA","lib\actions\patient-actions.js","191","7,2"
"MÉDIA","lib\ai-scheduling\core\AIPromptManager.js","409","16,9"
"MÉDIA","lib\ai-scheduling\core\DemandPredictor.js","424","16,5"
"MÉDIA","lib\ai-scheduling\core\NoShowPredictor.js","587","21,4"
"MÉDIA","lib\ai-scheduling\core\ResourceOptimizer.js","514","20,3"
"MÉDIA","lib\ai-scheduling\core\SchedulingEngine.js","457","18,2"
"MÉDIA","lib\ai-scheduling\examples\compliance-example.js","383","15,1"
"MÉDIA","lib\ai-scheduling\examples\usage-example.js","399","13,7"
"MÉDIA","lib\ai-scheduling\integrations\ComplianceIntegration.js","309","13,2"
"MÉDIA","lib\ai-scheduling\integrations\WhatsAppBusinessIntegration.js","669","23,1"
"MÉDIA","lib\ai-scheduling\integrations\whatsappConfigHelper.js","152","5,7"
"ALTA","lib\ai-scheduling\services\AISchedulingService.js","426","15,9"
"MÉDIA","lib\ai-scheduling\index.js","185","5,7"
"MÉDIA","lib\analytics\dashboard\ExecutiveDashboard.js","1","0"
"MÉDIA","lib\analytics\etl\DataExtractor.js","318","9,3"
"MÉDIA","lib\analytics\etl\DataLoader.js","437","18"
"MÉDIA","lib\analytics\etl\DataTransformer.js","397","15"
"MÉDIA","lib\analytics\etl\ETLPipeline.js","1","0"
"MÉDIA","lib\analytics\export\ExportService.js","527","18,6"
"MÉDIA","lib\analytics\integration\BIIntegrationTest.js","169","6,8"
"MÉDIA","lib\analytics\ml\MLModels.js","487","21,8"
"MÉDIA","lib\analytics\reporting\ReportGenerator.js","491","22,6"
"MÉDIA","lib\analytics\tests\BISystemTests.js","321","14,8"
"MÉDIA","lib\analytics\visualization\ChartService.js","1","0"
"MÉDIA","lib\analytics\warehouse\DataWarehouse.js","1","0"
"MÉDIA","lib\analytics\BusinessIntelligenceSystem.js","1","0"
"MÉDIA","lib\business-rules\NoInsurancePolicyService.js","221","8,8"
"MÉDIA","lib\checkin\adapters\AppleAPNSAdapter.js","1","0"
"MÉDIA","lib\checkin\adapters\AWSRekognitionAdapter.js","1","0"
"MÉDIA","lib\checkin\analytics\CheckInAnalytics.js","1","0"
"MÉDIA","lib\checkin\config\firebase-production.js","1","0"
"MÉDIA","lib\checkin\core\CheckInEngine.js","1","0"
"MÉDIA","lib\checkin\core\FaceRecognition.js","1","0"
"MÉDIA","lib\checkin\core\QueueManager.js","1","0"
"MÉDIA","lib\checkin\devices\TabletInterface.js","1","0"
"MÉDIA","lib\checkin\notifications\FirebaseV1Adapter.js","1","0"
"MÉDIA","lib\checkin\notifications\PushNotificationService.js","1","0"
"MÉDIA","lib\checkin\offline\OfflineManager.js","1","0"
"MÉDIA","lib\checkin\validation\HealthScreening.js","202","7,2"
"MÉDIA","lib\checkin\CheckInSystem.js","1","0"
"MÉDIA","lib\communication\analytics\AnalyticsEngine.js","690","27,5"
"MÉDIA","lib\communication\automation\AutomationEngine.js","1000","38,3"
"MÉDIA","lib\communication\automation\index.js","786","24,4"
"MÉDIA","lib\communication\channels\BaseChannel.js","288","10,1"
"MÉDIA","lib\communication\channels\EmailChannel.js","469","18,1"
"MÉDIA","lib\communication\channels\index.js","320","11,6"
"MÉDIA","lib\communication\channels\PushChannel.js","460","17,8"
"MÉDIA","lib\communication\channels\ResendEmailChannel.js","322","11,3"
"MÉDIA","lib\communication\channels\WhatsAppChannel.js","442","17,7"
"MÉDIA","lib\communication\core\MessageBus.js","631","23,7"
"MÉDIA","lib\communication\mocks\handlebars-mock.js","28","0,9"
"MÉDIA","lib\communication\mocks\whatsapp-web-mock.js","34","0,8"
"MÉDIA","lib\communication\templates\index.js","439","14,9"
"MÉDIA","lib\communication\templates\TemplateEngine.js","641","24,5"
"MÉDIA","lib\communication\templates\TemplateManager.js","523","19,9"
"ALTA","lib\communication\webhooks\index.js","460","15,3"
"ALTA","lib\communication\webhooks\WebhookHandler.js","625","22,7"
"MÉDIA","lib\compliance\COFFITOComplianceService.js","1","0"
"MÉDIA","lib\compliance\ComplianceManager.js","1","0"
"MÉDIA","lib\compliance\index.js","171","5,1"
"MÉDIA","lib\compliance\LGPDComplianceService.js","1","0"
"ALTA","lib\financial\application\services\BillingService.js","238","10,2"
"ALTA","lib\financial\application\services\PaymentService.js","283","11,8"
"ALTA","lib\financial\application\services\ReportingService.js","369","15,3"
"MÉDIA","lib\financial\application\use-cases\CreatePackageUseCase.js","270","11,6"
"MÉDIA","lib\financial\application\use-cases\GenerateInvoiceUseCase.js","292","11,5"
"MÉDIA","lib\financial\application\use-cases\ProcessPaymentUseCase.js","203","8,8"
"MÉDIA","lib\financial\domain\entities\Invoice.js","263","9,1"
"MÉDIA","lib\financial\domain\entities\Package.js","277","9,3"
"MÉDIA","lib\financial\domain\entities\PaymentPlan.js","290","11,3"
"MÉDIA","lib\financial\domain\entities\Transaction.js","258","9,2"
"MÉDIA","lib\financial\domain\errors\DomainError.js","27","0,7"
"ALTA","lib\financial\domain\repositories\IFinancialRepository.js","1","0"
"MÉDIA","lib\financial\domain\value-objects\Money.js","77","2,3"
"MÉDIA","lib\financial\domain\value-objects\PaymentMethod.js","115","4,5"
"MÉDIA","lib\financial\domain\value-objects\TaxRate.js","158","5"
"MÉDIA","lib\financial\infrastructure\gateways\PagarmeGateway.js","403","15,1"
"MÉDIA","lib\financial\infrastructure\gateways\StripeGateway.js","313","12"
"ALTA","lib\financial\infrastructure\repositories\SupabaseFinancialRepository.js","834","30,6"
"ALTA","lib\hooks\use-patient-form.js","52","2,1"
"MÉDIA","lib\integrations\calendar\CalendarFactory.js","119","4,5"
"MÉDIA","lib\integrations\calendar\CalendarMonitor.js","314","11,8"
"MÉDIA","lib\integrations\calendar\CalendarQueue.js","357","13,8"
"MÉDIA","lib\integrations\calendar\CalendarService.js","86","3"
"MÉDIA","lib\integrations\calendar\GoogleCalendarService.js","304","10,5"
"MÉDIA","lib\integrations\calendar\ICSService.js","212","7,8"
"MÉDIA","lib\integrations\calendar\index.js","190","6,9"
"MÉDIA","lib\integrations\email\ResendService.js","205","7,2"
"MÉDIA","lib\medical-records\clinical\assessment\ClinicalReportGenerator.js","445","19,3"
"MÉDIA","lib\medical-records\clinical\assessment\ClinicalTemplateEngine.js","384","13,9"
"MÉDIA","lib\medical-records\clinical\assessment\InitialAssessment.js","402","16,7"
"MÉDIA","lib\medical-records\clinical\documentation\ClinicalDocument.js","243","8,7"
"MÉDIA","lib\medical-records\clinical\documentation\DigitalSignature.js","336","11,3"
"MÉDIA","lib\medical-records\clinical\evolution\SessionEvolution.js","510","21,9"
"MÉDIA","lib\medical-records\compliance\CFMComplianceValidator.js","290","13,1"
"MÉDIA","lib\medical-records\compliance\COFFITOValidator.js","415","20,4"
"MÉDIA","lib\medical-records\compliance\LGPDCompliance.js","527","22,7"
"MÉDIA","lib\medical-records\fhir\resources\DiagnosticReport.js","1","0"
"MÉDIA","lib\medical-records\fhir\resources\Encounter.js","605","19,1"
"MÉDIA","lib\medical-records\fhir\resources\Observation.js","1","0"
"MÉDIA","lib\medical-records\fhir\resources\Patient.js","486","15,8"
"MÉDIA","lib\medical-records\fhir\transformers\FHIRTransformer.js","229","9,7"
"MÉDIA","lib\medical-records\fhir\validators\FHIRValidator.js","694","25,2"
"ALTA","lib\medical-records\services\PerformanceOptimizationService.js","262","7,6"
"ALTA","lib\medical-records\services\SupabaseMedicalRecordsService.js","388","15,3"
"MÉDIA","lib\medical-records\config.js","132","4,3"
"MÉDIA","lib\patient-portal\PatientPortalService.js","509","20,2"
"MÉDIA","lib\validations\patient.js","62","2,2"
"MÉDIA","lib\accessibility.js","242","8,7"
"MÉDIA","lib\advancedLazyLoading.js","240","12"
"MÉDIA","lib\api.js","84","3,5"
"MÉDIA","lib\cacheManager.js","207","6,1"
"MÉDIA","lib\clinical-content-loader.js","21","0,7"
"MÉDIA","lib\debugHelpers.js","174","5,5"
"MÉDIA","lib\memoization.js","145","5"
"MÉDIA","lib\modal-factory.js","204","6,7"
"MÉDIA","lib\navigationHelpers.js","143","4,1"
"MÉDIA","lib\observabilityLogger.js","52","2"
"MÉDIA","lib\performance.js","185","4,6"
"MÉDIA","lib\performanceMonitor.js","345","10,7"
"MÉDIA","lib\performanceOptimizations.js","328","11"
"MÉDIA","lib\queryClient.js","31","1,1"
"MÉDIA","lib\rateLimiter.js","156","4,6"
"MÉDIA","lib\redis.js","17","0,6"
"MÉDIA","lib\safety.js","326","8"
"MÉDIA","lib\security.js","148","4,4"
"MÉDIA","lib\sentry.js","11","0,4"
"MÉDIA","lib\serviceWorkerManager.js","193","5,7"
"MÉDIA","lib\serviceWorkerRegistration.js","341","10,3"
"MÉDIA","lib\supabaseConfig.js","247","8,6"
"MÉDIA","lib\utils.js","5","0,1"
"MÉDIA","packages\agenda-pacientes\src\components\communication\index.js","24","1,2"
"MÉDIA","packages\agenda-pacientes\src\components\medical-records\index.js","13","0,7"
"MÉDIA","packages\agenda-pacientes\src\components\patient\bodyPaths.js","26","1,1"
"BAIXA","packages\patient-portal\postcss.config.js","6","0,1"
"ALTA","pages\api\webhooks\whatsapp.js","141","4,9"
"BAIXA","public\disable-sw.js","29","0,9"
"BAIXA","public\firebase-messaging-sw.js","78","2,8"
"BAIXA","public\service-worker-advanced.js","322","9,4"
"BAIXA","public\service-worker.js","393","12,4"
"BAIXA","public\sw.js","308","8"
"BAIXA","public\unregister-sw.js","21","0,6"
"BAIXA","schemas\exerciseValidation.js","444","18,7"
"BAIXA","scripts\alert-vulnerabilities.js","145","4,9"
"BAIXA","scripts\apply-migration.js","87","3,7"
"BAIXA","scripts\apply-migrations.js","222","7,6"
"BAIXA","scripts\check-dependencies.js","154","4,5"
"BAIXA","scripts\check-deployment.js","131","3,9"
"BAIXA","scripts\check-dns-config.js","88","3,1"
"BAIXA","scripts\check-env.js","178","6,8"
"BAIXA","scripts\check-imports.js","116","4,5"
"BAIXA","scripts\check-users.js","67","3,1"
"BAIXA","scripts\configure-vercel-integrations.js","46","2"
"BAIXA","scripts\create-admin-user.js","135","4,8"
"BAIXA","scripts\create-exercise-images.js","128","10"
"BAIXA","scripts\create-test-user.js","146","5,7"
"BAIXA","scripts\create-test-users.js","219","7,1"
"BAIXA","scripts\daily-summary.js","128","3,8"
"BAIXA","scripts\fix-admin-user.js","134","4,7"
"BAIXA","scripts\fix-all-exercise-images.js","40","1,6"
"BAIXA","scripts\generate-assessments-materials.js","586","24,6"
"BAIXA","scripts\generate-clinical-content.js","1004","44"
"BAIXA","scripts\generate-cron-secret.js","71","2,2"
"BAIXA","scripts\generate-exercise-images.js","135","5,6"
"BAIXA","scripts\generate-exercises.js","627","28,4"
"BAIXA","scripts\integrate-clinical-content-to-db.js","94","4"
"BAIXA","scripts\lighthouse-performance.js","53","2,4"
"BAIXA","scripts\maintenance.js","153","5,1"
"BAIXA","scripts\migrate-forwardref.js","106","3,8"
"BAIXA","scripts\monitor-health.js","266","8,3"
"BAIXA","scripts\populate-clinical-content.js","245","11,8"
"BAIXA","scripts\pre-commit-env-check.js","159","4,6"
"BAIXA","scripts\run-clinical-content-generator.js","36","1,9"
"BAIXA","scripts\run-comprehensive-test.js","81","2,8"
"BAIXA","scripts\security-audit.js","292","10"
"BAIXA","scripts\setup-activity-integration.js","120","4,6"
"BAIXA","scripts\setup-auth.js","177","5,3"
"BAIXA","scripts\setup-env.js","206","8,7"
"BAIXA","scripts\setup-production.js","36","1,4"
"BAIXA","scripts\setup-vercel-integrations.js","279","10,9"
"BAIXA","scripts\sync-auth-users.js","92","3,6"
"BAIXA","scripts\test-all-flows-admin.js","362","14,3"
"BAIXA","scripts\test-apple-apns.js","289","10,3"
"BAIXA","scripts\test-appointment-request-flow.js","241","10,6"
"BAIXA","scripts\test-aws-rekognition.js","173","6,3"
"BAIXA","scripts\test-biblioteca-materiais.js","53","2,2"
"BAIXA","scripts\test-calendar.js","136","3,9"
"BAIXA","scripts\test-communication-system.js","162","5,9"
"BAIXA","scripts\test-firebase-integration.js","152","5,1"
"BAIXA","scripts\test-google-calendar.js","84","2,9"
"BAIXA","scripts\test-messaging-flow.js","189","7,8"
"BAIXA","scripts\test-mobile-loading.js","129","4,3"
"BAIXA","scripts\test-notifications.js","157","7,2"
"BAIXA","scripts\test-payment-flow.js","163","6,9"
"BAIXA","scripts\test-resend-integration.js","150","6,4"
"BAIXA","scripts\test-stripe-payment.js","155","7,2"
"BAIXA","scripts\test-teleconsulta-flow.js","222","9,6"
"BAIXA","scripts\test-vercel-integrations.js","344","11,1"
"BAIXA","scripts\test-whatsapp-webhook.js","129","3,5"
"BAIXA","scripts\update-exercise-images.js","89","5,1"
"BAIXA","scripts\validate-deployment.js","261","7,5"
"BAIXA","scripts\validate-sentry-setup.js","377","11,5"
"BAIXA","scripts\verify-admin-user.js","67","2,6"
"BAIXA","scripts\verify-bundle-hash.js","385","11,1"
"ALTA","shared\contexts\contexts\ExerciseContext.jsx","813","30,1"
"ALTA","shared\contexts\contexts\PatientContext.jsx","883","31,5"
"MÉDIA","types\checkin\index.js","1","0"
"MÉDIA","types\api.js","92","2,8"
"MÉDIA","types\appointment.js","142","5,1"
"MÉDIA","types\clinicalContent.js","5","0,1"
"MÉDIA","types\crm.js","5","0,1"
"MÉDIA","types\database-generated.js","74","2,1"
"MÉDIA","types\database-new.js","0","0"
"MÉDIA","types\database-updated.js","74","2,1"
"MÉDIA","types\database.js","74","2,1"
"MÉDIA","types\database.types.js","74","2,1"
"MÉDIA","types\exercise.js","5","0,1"
"MÉDIA","types\familyPortalTypes.js","32","1,2"
"MÉDIA","types\financial.js","232","7,7"
"MÉDIA","types\mappers.js","135","4,6"
"MÉDIA","types\medical-records.js","104","4,2"
"MÉDIA","types\notification.js","1","0"
"MÉDIA","types\pain-point.js","312","9,2"
"MÉDIA","types\patient.js","2","0,1"
"MÉDIA","types\populationHealthTypes.js","15","0,7"
"MÉDIA","types\predictiveAnalyticsTypes.js","28","1,2"
"MÉDIA","types\qualityAssuranceTypes.js","43","1,9"
"MÉDIA","types\realtime.js","1","0"
"MÉDIA","types\riskTypes.js","22","0,8"
"MÉDIA","types\session.js","139","4,1"
"MÉDIA","types\sportsRehabTypes.js","46","1,8"
"MÉDIA","types\supabase.js","74","2,1"
"MÉDIA","types\user.js","167","5,3"
"MÉDIA","types\utils.js","37","1,3"
"BAIXA","utils\exerciseToasts.js","82","3,2"
"BAIXA","utils\toast.js","49","1,5"
"BAIXA","workers\sw-advanced.js","249","7,8"
"BAIXA","debug_initial_data.js","75","3,2"
"BAIXA","debug_modal_time.js","62","2,2"
"BAIXA","eslint.config.js","169","4,5"
"BAIXA","generate-secret.js","33","1"
"BAIXA","jest.config.js","131","3,1"
"BAIXA","next.config.js","77","2,4"
"BAIXA","test-browser-errors.js","116","4,7"
"BAIXA","test-complete-system.js","429","16,4"
"BAIXA","test-login-playwright.js","201","6,5"
"BAIXA","test-portal-navigation.js","169","6,2"
"BAIXA","test-react.js","12","0,5"
"BAIXA","test-sidebar-debug.js","90","3,3"
"BAIXA","webhook-server.js","86","2,9"
